ulasan,label
"Bug banyak, pembayaran masih kuno masih pake google play yang banyak gangguannya masih mending pake midtrans cepet ngak ribet",NEGATIF
"Maaf min aplikasi nya error, mohon perbaikannya bagian profile dan akses lewat mobile app nya",NEGATIF
Padahal yang punya binar ex orang gojek tapi aplikasinya jelek kaya buatan mahasiswa baru belajar pemrograman mobile,NEGATIF
Oke jga,POSITIF
"Mau heran, tapi liat Quiz di FB tentang Kemampuan Yang Cocok aja, gak ada jawaban.. malah jadi nawarin Produk.. website MBTI aja ngasih tau kok Personality kita tanpa harus bayar dulu",NEGATIF
ketrampilan digital saya semakin meningkat,POSITIF
Cara belajarnya seru,POSITIF
"Buang buang waktu,udah bayar 3,5 juta, gak bisa refund",NEGATIF
Belajarnya seru,POSITIF
Salah satu tempat bootcamp terbaik di Indonesia.,POSITIF
Perbaiki donk aplikasinya. Banyak bug nya nih aplikasi jadi males langganan,NEGATIF
Update ke versi 6 parah sihh ada bugs tp lama penanganan nya Level gold sy jd ga bisa di gunakan trus level silver sy harus dr ulang. Ini abis update emang ga di rollback dulu yaa?,NEGATIF
Belum faham,NEGATIF
Top Banget,POSITIF
"Sangat kurang bgus, harus di perbaiki bug y, terlalu banyak bug",NEGATIF
Ok,POSITIF
selalu update semoga jadi lancar,POSITIF
Ok,POSITIF
"Pembayarannya sulit, cs d hub juga sulit",NEGATIF
Sangat bermanfaat,POSITIF
Bagus,POSITIF
Mantapss,POSITIF
Terlalu banyak bug. Misalnya pada halaman video materi binar go halaman tidak muncul hanya menampilkan tampilan blank padahal koneksi internet tidak mengalami kendala. Mohon untuk segera ditindaklanjuti. Terimakasih.,NEGATIF
Mantap,POSITIF
Bagus,POSITIF
Mantap sekali,POSITIF
Ok,POSITIF
"Kurang rekoment si, soal nya banyk errornya dan bug nya. Jelek",NEGATIF
Baik,POSITIF
"sepertinya masih ada bug waktu saya jawab quiz di materi silver. Jawabannya benar, namun terdeteksi jawaban saya salah, tapi bisa lanjut ke slide selanjutnya. Lalu, setiap lanjut ke slide berikutnya membutuhkan waktu yang lama. Padahal pindah-pindah menu di apps lancar.",NEGATIF
Aplikasi pembelajaran yg keren,POSITIF
ok,POSITIF
Saya sangat senang dgn akun ini semua info SDH tercantum di akun ini smg teman teman bermanfaat senang dgn binar,POSITIF
"Program studi independennya kacau, di awal katanya dapet uang kuota tapi ternyata sampai program berakhir masih belum ada kejelasan",NEGATIF
gwood,POSITIF
ingin mempermudah anak kedalam jenjang pendidikan,POSITIF
Setelah apk ada update sistem belajar jadi terganggu karena proses loadingnya sangat2 memakan waktu.,NEGATIF
Tolong masalah loadingnya di perbaiki. Pas next ke topik berikutnya loadingnya lama,NEGATIF
Setiap buka materi bug dan lemot terus padahal sinyal aman2 aja. Buang waktu krna bug,NEGATIF
"Mau lanjutin binar go malah di aplikasi yg lemot dan banyak error adeh. Buang"" waktu langganan aja. Masih mending jika dikasi garansi langganan. Udh seminggu gk bisa play binar go.",NEGATIF
Hebat aplikasinya,POSITIF
Cewek yg bawain iklannya jerawatnya edan banget. Gada bagus2nya iklannya,NEGATIF
aplikasinya force close terus min,NEGATIF
terbaik,POSITIF
Sangat menarik dan berguna..jd bisa di blg aplikasi yg ada manfaatnya utk terus bisa belajar mengembangkan diri,POSITIF
Good,POSITIF
"Edit profile gak bisa, force close",NEGATIF
Mantap,POSITIF
OK,POSITIF
"Loading aplikasi terlalu lama sehingga membuat kita malas lanjutin materi, tolong ditingkat kan lagi dari segi responsive",NEGATIF
Loading terlalu lama pas ganti slide,NEGATIF
Bzgus dan mantap,POSITIF
Ok,POSITIF
"Apk apaan nih kok gak ada bahasan Html, css, dan sebagainya. iklanya nyasar pula",NEGATIF
"Sangat bagus,",POSITIF
Aplikasi yang bagus,POSITIF
Ok,POSITIF
"Maaf sebelumnya, kok pas saya lagi belajar dan akan melanjutkan ke topik selanjutnya kok gak bisa ya? Ada tulisan ""maaf, sedang terjadi kesalahan pada server"" dan saya pun gak bisa lanjut ke topik berikutnya. Tolong diperbaiki ya min, lagi semangat semangat nya belajar coding nih.ðŸ™ðŸ‘ðŸ’ª",NEGATIF
good,POSITIF
Kereen,POSITIF
Terus berkarya demi Bangsa,POSITIF
Keren Sekali,POSITIF
Membantu,POSITIF
"Ini aplikasi yg loadingnya paling lama! Ditunggu 5menit gak ada perubahan, masih juga loading, langsung uninstall!!!!!!!!!!!!",NEGATIF
Aplikasi cukup simple namun materinya sangat lengkap dan terstruktur,POSITIF
"Keren, walaupun belum liat semua fiturnya. Karena aku terlalu fokus belajar di binar ini hehe. Ilmunya sangat bermanfaat banget, banyak pilihan yg bisa kita pilih apa yg mau kita pelajari di era yang maju ini. Dengan teman diskusi yg gak akan kita bikin bosen dan ketika kita membaca materi pun serasa diajak ngobrol jadi kesannya santai bermanfaat. Ada yg gratis ada juga yg harus bayar. Belum coba yang bayar tapi keknya lebih seru deh. Terima kasih banget buat kakakÂ² yg udh bikin aplikasi ini.",POSITIF
oky siap,POSITIF
Bug mulu ...,NEGATIF
Good,POSITIF
Bagus,POSITIF
"Sepertinya tidak ada fitur Pencarian, cari tentang Desain malahan kosong? Gimana ya kontak pun ganti kenapa ngga langsung link aplikasi ya?? Kemudian dari Publik Speaking tolong diperbagus lagi, masih agak kaku tuh",NEGATIF
Bagus,POSITIF
"gk login dengan google, muter-muter terus gk bisa di proses",NEGATIF
"Apk nya sering banyak bug, contohnya di mobile development yg tahap ""seru kan??"" Itu eror gabisa lanjut ke tahap berikutnya",NEGATIF
Sangat d bantu nya,POSITIF
Good,POSITIF
good untuk meningkatkan skill,POSITIF
"Kakak, tolong diperbaiki. Kenapa setiap klik gambar kembali lagi ke hal awal jadi repot kan mesti klik next untuk ke hal yg terakhir dibaca.",NEGATIF
Apikasi cukup bagus,POSITIF
Lemot nge load page nya sama ketika buka gambar nya malah ngulang lagi ,NEGATIF
"Yang dipelajari program, tapi aplikasi nya aja banyak bug, masa setiap mau next materi langsung force close, Ini bug kan bukan hp saya, Mohon lah di fix, niat mau belajar malah jadi males karena bug.",NEGATIF
Mulai pertama download sama masuk lebih dalam lagi ternyata sangat menambah wawasan untuk soal bisnis,POSITIF
Bagus sekali,POSITIF
"tolong binar di perbaiki hasil sertifikat usernya.. saya sudah 3 kali ikut webinar tapi sertifikatnya jelek sekali... posisi nama gak pas... ada yg kecoret sama judul, ada yg namanya nabrak garis.. kalo sertifikatnya gini jadi mikir 2 kali untuk di taroh di linked in...",NEGATIF
Agak susah gambar y kecil,NEGATIF
"cara pakainya gimana ya admin mohon di bantu, saya mau baca tentang digital marketing selalu ga bisa. Nanti kalau dah bisa di ganti bintang 100",NEGATIF
Bagus,POSITIF
Bagus,POSITIF
Gak lemot sih tapi saya masih menemukan chapter BinarGo course product management yang loadingnya lamaaaaa banget ga kebuka2. Padahal koneksi stabil. Tolong diperbaiki karna waktu sy berlangganan juga mau abis cuma buat nungguin loading chapter course nya,NEGATIF
Good,POSITIF
"Apk nya bug kak, dibuka cuma layar homesreen.. Eh tulisan nya gak penting & gak dibaca rupa nya.. Yang penting cuma rating bintang nya ternyata..",NEGATIF
Mantap,POSITIF
Tambahkan dark mode agar tidak terlalu terang saat digunakan pada malam hari bikin mata sakit,NEGATIF
"tidak bisa melompat ke chapter tertentu , + loading content ny cukup lama pdhl koneksi aman",NEGATIF
"loadingnya lama ketika Next/back page dan ada bug sudah tidak sering ketika melihat gambar dari page ketika kembali/ keluar dari gambar beralih ke page awal, yang lumayan kesal/ mood berkurang karena bakal next page lagi ke halaman selanjutnya saran",NEGATIF
Mudah2an saya bisa belajar dan mendapat ilmu dari apl Binar. Mantaap,POSITIF
Terimakasi saya sudah bergabung,POSITIF
Ok,POSITIF
Suka,POSITIF
"Ketika melihat gambar, lalu close atau back malah kembali ke awal materi. Tolong diperbaiki min. Terima kasih.",NEGATIF
Jangan kasi iklan lagi,NEGATIF
Aplikasi yg oke banget,POSITIF
Sangat membantu,POSITIF
Ok,POSITIF
Oke bro.... LO BUAT PAKE BAHASA JAVA... HOSTING LO BELIMURAH... WAJAR LEMOT.. SEKARANG LO AMBIL AJA DI NIAGAHOSTER VERSI PREMIUM OKE UNTUK HOSTING Oh ya tuker aja bahasa Python aplikasi biar enak,NEGATIF
Wow keren,POSITIF
mantap,POSITIF
"Udh ok, terus ditingkatkan...",POSITIF
"Semoga selalu sukses,sehat,panjang umurnya yg berkah dan lancar terus rezekinya.aamiin",POSITIF
Cukup menjanjikan,POSITIF
"loading untuk next content agak lama, mohon diperbaiki",NEGATIF
Good,POSITIF
"Semoga bisa ikut yg premium satu saat, soalnya aplikasinya berguna untuk saya",POSITIF
Bagus,POSITIF
bagus,POSITIF
Telalu banyak iklan. Pls tolong iklan dihilangkan!,NEGATIF
Aplikasi nya bagus sekali,POSITIF
Amazing kerenn,POSITIF
Thanx Buat aplikasinya sangat bermanfaat..,POSITIF
"Payah gambarnya kecil banget, pas di klik dan mau keluar dari gambar malah mulai dari ulang lagi, alhasil ngga bisa di next lagi ketika sampai pada halaman yang terdapat pilihan jawabannya Edited",NEGATIF
Lama banget loadingnya dan udah ada 2 transaksi udah kebayar tapi course nya masih nggak bisa diakses â˜¹,NEGATIF
Aplikasi tak berguna,NEGATIF
Mantap,POSITIF
Nyoba dulu,POSITIF
Ok,POSITIF
"Ini gimana kak solusinya waktu saya ada sistem kuis kan belum saya baca nah saya kepencet lanjut lalu kembali di kuis yang sudah dijawab terus saya tidak ada kata lanjut buat next hal nya seperti itu, mohon diperbaiki",NEGATIF
Halo kak kalau di courses gak bisa dipencet tombol lanjutnya mohon diperbaiki bug nya,NEGATIF
Ok,POSITIF
"Adm, kenapa ya materi pelajaran nya berhenti tidak bisa dilanjutkan lagi.. Tolong min",NEGATIF
Buruk,NEGATIF
Bug yang meresahkan Setelah Kuis Klik gambar Tombol Lanjutnya gak ada,NEGATIF
"ketika membuka gambar di page pertengahan, akhir jika keluar dari gambar, pencet tombol x tiba tiba kembali lagi ke page awal, dan lumayan menghabiskan waktu jika kembali dari awal dan melanjutkan lagi ke page selanjutnya semoga cepet di perbaiki ðŸ‘",NEGATIF
dibuat candu belajar sama aplikasinya,POSITIF
"UDAH BAYAR, TAPI TETAP GAK BISA DI AKSES KELASNYA",NEGATIF
Ok mantap,POSITIF
Binar sangat bagus karna memperkaya pengetahuan,POSITIF
"Udah lumayan membaik, tapi masih ngebug dan agak lelet",NEGATIF
1 kata buat binar. Kerenn,POSITIF
pengertian benar begitu diklik salah mohon diperbaiki,NEGATIF
"habis uptade ada bug gak bisa ngelanjutin materi yg kita simpan, tombol selanjutnya tidak muncul",NEGATIF
Udah di update kok masih loading terus ya,NEGATIF
Belajar jadi menyenangkan. Semua level silver bisa diakses secara gratis.,POSITIF
Sangat membantu sekali untuk menambah wawasan pengetahuan,POSITIF
Bukan menghilangkan virus malah menambah virus,NEGATIF
"Bagus, bermanfaat, murah",POSITIF
Ok Mantap....,POSITIF
Udah mulai mengasikan dan ga kendala lemot lagi.. mantappp,POSITIF
"Bermanfaat banget buat yang mau belajar coding, marketing, dan lain lain",POSITIF
Bagus sekali,POSITIF
eror ga bisa dibuka,NEGATIF
"kayak nya masalah server nya ini ,pas login awal bisa sampai 5 menit padahal jaringan stabil",NEGATIF
Semoga banyak mencerdaskan orang banyak,POSITIF
"Bagus, Saya adalah seorang yang pemula cocok untuk belajar di sini, cepat atau lambat tekun memahami materi emang sulit tidak praktek membuat skil tak menambah, apk yang bagus untuk sebuah percobaan baru untuk pemula, Baik dan Trimakasih",POSITIF
"Alhamdulillah suka sama materi nya mudah dipahami, insyaallah berlangganan belajar disini, harga terjangkau juga happy, recommended",POSITIF
Nice info,POSITIF
Materi pembelajarannya mudah dipahami dan kursusnya lebih murah dibandingkan tempat lainnya.,POSITIF
"Upgrade Hosting Nya lah, harus nya bersyukur loh user nya banyak. Tolong di upgrade, biar lancar akses kami nya.",NEGATIF
Materi BinarGO gak bisa di akses,NEGATIF
Sangat bagus sekali,POSITIF
"Judul ""pengantar ke dunia aplikasi"" videonya terlalu culun kurang profesional jadi kita nontonnya kyk org ngajarin anak kecil yg polos banget mohon ditungkatkat lagi videonya yg lebih kreatif dan keren ga culun.",NEGATIF
"Jaringan saya kuat, kenapa dengan aplikasi ini lemot ya. Tolong di update aplikasinya min",NEGATIF
tiap buka fitur selalu lemot. Loading aja terus. Sad ,NEGATIF
Busuk,NEGATIF
Pembelajaran yang mudah dipahamiðŸ‘,POSITIF
Sekarang udah lancar apk nya,POSITIF
"Parah banget nih binar, lulus kelasnya langsung banyak yang nawarin kerja. Dah bener2 kyk klinik tong fang deh ini binar",POSITIF
Keren sangat membantu,POSITIF
"Aplikasi nya bagus banget cocok untuk kalian yang suka baca baca, dan ada fitur histori nya jadi mempermudah kita yang selalu lupa apa yang kita terakhir baca. aplikasinya juga sudah tidak lemot lagi.",POSITIF
Kebanyakan iklan mengganggu,NEGATIF
"Materinya bagus, kecepatan sebelumnya lambat, tp sekarang sudah bagus.",POSITIF
Aplikasi nya lemot,NEGATIF
Semoga aplikasinya bisa lebih baik lagi kedepannya,POSITIF
"Bagus programnya,karna menciptakan skill SDM",POSITIF
"Nah udah bener nih, udah lancar jaya aplikasinya",POSITIF
Mantap,POSITIF
Sangat cocok untuk kami yang awam,POSITIF
Iklan mengganggu,NEGATIF
Banyak materi gratis,POSITIF
Aplikasi yg membantu bagi plajar jigital smoga mendepan ya lebih baik,POSITIF
Bagus,POSITIF
Alhamdulillah lancar,POSITIF
"Untuk aplikasi course tentang teknologi, hal ini jauh di bawah ekspektasi. ",POSITIF
"Lemot ya..., mohon segera perbaikan untuk aplikasinya...,",NEGATIF
"Aplikasi nya lemot, padahal udah pakai wifi tapi tetep aja loading nya lama. Kalau begini percuma berlangganan nya murah kalau mau akses materi nya aja juga susah. Semoga kedepannya bisa diperbaiki.",NEGATIF
"Speed internet sebanter apapun kyknya bkal g kuat ngeload materi dr binar, jam 1 dini hari, pake wifi cm sendiri, ga kuat ngeload materi..",NEGATIF
app nya tolong diperbaiki dong lemot banget,NEGATIF
Belom apa apa udah loading lama banget baru juga daftar akun. Iklan terus kayaknya yang di kencengin. Kecewa,NEGATIF
Luar Biasa,POSITIF
Lemot aplikasibnya tolong diperbaiki,NEGATIF
Baru saya akan menggali ilmu serta pengalaman yg menarik serta menguntungkan.,POSITIF
"Binar GO ada konten Product Management, namun aplikasinya sendiri sepertinya belum bisa menerapkan konsep Product Managementnya itu sendiri. Loading lama, video konten tidak muncul, dan jika ingin membuka materi harus keluar masuk aplikasi karena konten terus loading",POSITIF
Mohon dengan sangat¸ diperbaiki kecepatan login nya karena kalo mau login lamanya minta ampun untuk itu saya kasi 1 star dulu,NEGATIF
"loadingnya lumayan lama ya :"")",NEGATIF
Makasih,POSITIF
Register aja lama muter mulu nih,NEGATIF
Lemot bgt pdhl jaringan aku bagus,NEGATIF
"Lemot, loading mulu",NEGATIF
Lambat,NEGATIF
Gimana nih ak gk bisa daftar tunggu sebentar teros teros kalo lewato dulu deh saat ak masukin nama kunpencet selanjutnya gk ada apa apa we gkasuk gk loding rolong perbaiki lah,NEGATIF
Ini kok gak bisa bikin akun sih. Ketembak iklan tadi,NEGATIF
Sangat bagus aku kasi bintang lima,POSITIF
"Aplikasinya lemot banget kak, mohon diperbaiki",NEGATIF
"Mau ikut event harga tiket 5ribu, ga punya gopay, bayar via VA, ATM ga bisa karena minimum pembayaran",NEGATIF
"Apk cacat, mau login lelet minta ampun",NEGATIF
Materi yang disajikan sangat aplikatif dan menarik serta menambah insight baru yang menjadikan kita bisa berpikir kritis. The best deh pokoknya Binar Academy ðŸ”¥ðŸ”¥,POSITIF
Tolong di fix lagi ini kenapa lemot2 yaa? Soalny susah kalo mau belajar trus lemot. Mohon di fix lgi yaa materinya udah bgus2 kendalanya hanya di lemot apknya Mksih.,NEGATIF
Kok gambarnya gk kluar..signalnya lemot..mohon untuk segera di fix..,NEGATIF
terkadang pas buka materi suka lemot.,NEGATIF
"Untuk sprint pertama lumayan desainnya dan user flownya mudah dipahami, perlu di tingkatkan ketika query jenis kelas dan query menampilkan data dari database sepertinya sedikit lama. Sekedar saran bisa ditingkatkan kecepatannya biar user lebih betah mengakses dan belajar di binar. Semangat tim binar â¤ï¸",NEGATIF
Maaf aplikasi Lemot parah....,NEGATIF
"lemot, update bintang 5 kalau udh ngga lemot ðŸ’ª",NEGATIF
Bagus..,POSITIF
"Lelet banget aplikasinya,",NEGATIF
Mantap,POSITIF
"Aplikasi sangat lemot sekali, sudah subscribe binar go, mau belajar tapi malah lemot aplikasinya",NEGATIF
"Saya kok buka aplikasi nya Lemot banget ya min, harus keluar dlu beberapa x baru bisa akses pelatihan nya,mohon di cari tau bug nya min",NEGATIF
Loadingnya luamaaaa buanget tolong di perbaiki secepatnya ya padahal koneksi lancar lho,NEGATIF
"Lemot gini, perbaiki dulu apk nya baru bikin client terpesona",NEGATIF
Mantaaab,POSITIF
"Tidak ada satu untaian kata selain, semangat terus untuk mencerdaskan anak bangsaðŸ‡²ðŸ‡¨ðŸ‡²ðŸ‡¨ðŸ”¥ðŸ”¥",POSITIF
Perlu perbaikan dan peningkatan app,NEGATIF
Sungguh lemot banget aplikasinya wkwkek,NEGATIF
lemot bgt sumpahh,NEGATIF
Aku tertipyu dengan iklan ku kira gratis hehehehe,NEGATIF
"Sering loading lemot banget, kadang eror. kayak kita perlu sering menutup aplikasinya dulu lalu dibuka kembali, cukup melelahkan untuk mengeksplorasi fitur-fitur di dalamnya. Fitur penyimpanan materi seharusnya dimunculkan di halaman home. Mungkin bisa lihat seperti Udemy sebagai referensi tampilan dan juga diperbaiki agar mudah diakses (internet bagus tetap aja susah soalnya)",NEGATIF
Bagus ini apps utk belajar secara online,POSITIF
aplikasi lemot menguras waktu. Awalnya Pengen balajar jadi gak mood,NEGATIF
Lebih praktis kalo buat ngerjain chapter ..hehehe,POSITIF
"Aplikaso sangat lemot, mengecewakan ðŸ˜­",NEGATIF
Sangat bagus,POSITIF
"Lemot pas buka materinya, tolong di perbaiki ya",NEGATIF
"APLIKASI BERAT BANGET , GA BISA DIBUKA",NEGATIF
Good,POSITIF
"Darisekian aplikasi yang ngajarin teknologi, aku bisa mudengnya cuma sama binar, alhamdulilahnya minggu kemarin binar buka course berlangganan dibawah 20 ribuan per bulan",POSITIF
baguss,POSITIF
"Sangat bagus, bahasa mudah dipahami jadi lebih terdorong untuk mencari tahu lebih",POSITIF
Good,POSITIF
Bermanfaat,POSITIF
"kelas murah sedikit, langganannya mahal sekali",NEGATIF
Good job,POSITIF
Keren,POSITIF
"masih banyak bug, apliasi berasa berat banget",NEGATIF
"kendala lemot ketika membuka/klik gambar pada isi materi, setelah menutup gambar dan melanjutkan membaca materi, prosesnya loading sangat lama sekali/lemot, padahal jaringan stabil. sudah saya test menggunakan beberapa provider dan restart device hasil tetap sama. mohon untuk segera diperbaiki. rating akan saya rubah ketika sudah diperbaiki. terimakasih",NEGATIF
Mantap,POSITIF
Aplikasi belajar skill digital terjangkau dan berkualitas. Terbaik,POSITIF
"Cara promosinya ngak benar, pembohongan publik. Katanya gratis padahal semua berbayar. Jelek bangat.",NEGATIF
"BEBAYAR SEMUA, DAN MAHAL GILA DIATAS 5 JUTA",NEGATIF
Ujung ujung nya bayar nyari duit jga bahahaha,NEGATIF
Ok,POSITIF
Aplikasi ini sangat mendukung bagi saya..luuarr biaasa,POSITIF
Yaa baiklah,POSITIF
Jangan didownload berbayar rpnya. Gak gratis,NEGATIF
"Aplikasi belajar digital skill terbaik yang pernah saya jumpai. Materi dan pembahasan nya mudah di pahami serta ada fitur dimana kita harus mengerjakan soal ketika kita mempelajari materi baru, menurut ku itu fitur uang bagus, karena kita di tuntut agar bisa memahami materi dengan baik, buat kalian yang ingin belajar digital skill boleh nih di coba",POSITIF
Untuk loading pagenya masih terlalu lamaa huhu,NEGATIF
Keren apknya mudah di pahami,POSITIF
Ilmu yg bagus untuk jaman digital,POSITIF
App kren bgt,POSITIF
"Ikut Bootcamp FSW dari Binar Academy, learning path lebih terarah dan materi yang di sajikan begitu lengkap, detail, dan mudah dipahami. Dan di support mentor yang ahli dibidangnya dan membagikan pengalaman kerja di dunia industri. Dan terakhir challange yang begitu menantang jadi mengasah kemampuan materi yang telah dipelajari sebelumnya. Bangga menjadi Binarian. Sukses dan maju selalu Binar Academy",POSITIF
Pantes Indonesia sulit maju di bidang teknologi... Pelit ilmu apa apa bayar,NEGATIF
"Aplikasi buruk, kenapa akun google saya di hapus setelah di uninstall apk ini, perlu tidakan pada akun katanya",NEGATIF
Saya mau belajar dan mendapatkan pekerjaan dari binar..,POSITIF
"Saran sih, kalau bisa tambahin iklan dong buat mengasah tambahan sekaligus mensupport. Contoh kalau nonton iklan kita bisa dapat konten tambahan atau premium satu hari ( lihar 3-5 iklan). Ok sekian saran saya.",NEGATIF
Good aplikasi,POSITIF
Mantap sangat bermanfaat,POSITIF
Keren dan sangat bermanfaat.,POSITIF
Binar academy berinovasi dalam menyajikan pendidikan dan menciptakan pengalaman belajar yang menarik sekaligus menyenangkan.,POSITIF
Bagussss,POSITIF
Keren,POSITIF
Mantap,POSITIF
Keren,POSITIF
Keren Mengasah otak saya thank you,POSITIF
Keren aplikasinyaa gara2 ini skill development pemograman ku meningkat. Ada kelas2nya juga sesuai minat kitaa. Mantap pokoknya,POSITIF
Goks,POSITIF
Aplikasi ini sangat bagus,POSITIF
telah membantu saya banyak memberikan informasi dunia tekhnologi,POSITIF
Terimakasih binarian. Saya dapat mengenal bahasa pemrograman dari aplikasi binar,POSITIF
Oky,POSITIF
"Keren app nya, saya dapat banyak mempelajari tentang internet",POSITIF
Mantap membuat kita cepat pintar dan tidak merusak tatanan kewarasan.,POSITIF
bagus,POSITIF
terlalu mahal trus gak pernah ada diskon,NEGATIF
"Maaf ya kak, saya kurang suka dengan aplikasinya banyak bug",NEGATIF
Aplikasinya simple to the point,POSITIF
untuk melanjutkan Courses nya terlalu mahal,NEGATIF
Good,POSITIF
Apk ini sangat membantu,POSITIF
kemahalan untuk jadi member premiumnya.,NEGATIF
Suka banget,POSITIF
"Tidak disarankan karena berbayar, dan tidak ada tutorial",NEGATIF
kebanyakan berbayar semua materinya mahal,NEGATIF
Aplikasinya bagus,POSITIF
Bagus dan sangat baik,POSITIF
Baik,POSITIF
Fitur efektif dan dinamis,POSITIF
Keren,POSITIF
Baik dan lancar,POSITIF
jadi lebih paham tentang dunia percodingan,POSITIF
Sangat membantu,POSITIF
"BAGUSS bgt sii mulai dari pemberian materi, basic nya gratiss loh ges klo mw lanjut ya bayar ",POSITIF
Sangat membantu,POSITIF
"Baru klik udak ke tutup, klik lagi ketutup lagi, Perbaiki dulu",NEGATIF
Sangat bermanfaat dan mudah difahami,POSITIF
Semoga berhasil,POSITIF
"Binar memang mantap, materinya mudah dipahami",POSITIF
Ok,POSITIF
Good,POSITIF
Tidak suport android 5.1,NEGATIF
Kalian wajib download ya gaes yaa,POSITIF
Sangat membantu dan informatif,POSITIF
Tidak perlu basa basi langsung saja download keren abis,POSITIF
Lumayan baguss,POSITIF
Ini keren bangeeeetttt.......kalau mas menteri nadiem tahu pasti auto download....,POSITIF
Baik,POSITIF
Aku baru mau coba gabung di apk ini. moga bermanfaat,POSITIF
Aplikasi baguuuuss banget,POSITIF
Bagus,POSITIF
Baru install semoga dapet banyak ilmu aminnn,POSITIF
Bagus,POSITIF
"Aplikasi yang sangat baik dan bagussss, dan juga menarik",POSITIF
Sangat membantu untuk para pencari kerja,POSITIF
"masih ada sedikit bug system, semoga segera disempurnakan lagi",NEGATIF
"Kursusnya mudah dipahami, asyik belajar di Binar, jadi pengen belajar terus",POSITIF
"Baguslah, appnya memberikan materi dgn fitur yg menarik dan penjelasan yg tidak membosankan",POSITIF
Terimakasih telah membuka wawasan,POSITIF
Mantap,POSITIF
Bagus banget aplikasinya,POSITIF
Keren banget!!,POSITIF
Aplikasi yang sangat berguna!,POSITIF
Aplikasinya keren bangett sih ngebantu kita lebih mengerti tentang dunia digital,POSITIF
Aplikasi ini cocok untuk yang mau belajar materi pendalaman di bidang yang khusus. Tersedia juga banyak pilihan materi yang mana akan digunakan banyak perusahaan di era revolusi industri 4.0,POSITIF
"Aplikasi belajar nomer 1 di PlayStore. Membantu banget bagi semua kalangan, terutama yang mau belajar tentang Full-Stack Web, BUSINESS intelligence analyst, ui / UX research & design, Android engineering, product management, dan masih banyak lagi. Di sini juga ada insight2 yang keren banget karena dibimbing langsung oleh profesional di bidang, kemudian setelah lulus dari belajar di binar academy kita langsung dicarikan kerja oleh binar academy Aplikasi yang sangat bermanfaat. Yuk instal!",POSITIF
"Wah, aplikasi ini perfect banget. Kita jadi bisa belajar lebih banyak tentang ilmu bisnis. Thebest deh ni aplikasi apalagi fitur fiturnya Yang bikin kita nyaman banget.",POSITIF
Cocok banget nih aplikasinya buat kita yang mau belajar meniti karier di industri digital. Belajarnya juga gampang paham karena fasilitatornya ngga pake istilah2 yang rumit,POSITIF
Sangat bermanfaat untuk developing skill,POSITIF
Aplikasi binar ini cocok banget buat kalian yang mau belajar meniti karier di industri digital. belajarnya juga dibimbing fasilitator ternama,POSITIF
Aplikasinya sangat membantu dan bermanfaat,POSITIF
"Keren, sangat bermanfaat",POSITIF
"Tau aplikasi ini dari influencer, trus stelah download menarik juga, coba baca ternyata ada penjelasan yang rinci buat kita yang ingin tau dasar dari industri digital, penasaran sih pas tau ada level silver yang di disediakan secara gratis, saya tertarik ke anroid engineering, di level silver yang isinya pengenalan dasar dan penjelasan rinici lainnya dengan bahasa yang mudah di pahami meski kita bukan anak TI. Aplikasi ini membantu generasi muda untuk lebih mengenal dunia digital. Kren sih",POSITIF
Aplikasinya keren dan bermanfaat,POSITIF
Aplikasinya keren. Sangat membantu buat belajar ilmu digital,POSITIF
"Baru kali ini deh bisa paham ngoding dengan mudah, biasanya materi ngoding tu bahasanya baku dan formal, tapi di binar bahasanya pake bhasa sehari hari kadi mudah bangett di pahamii. Pokonya the best la ðŸ˜",POSITIF
Sangat bermanfaat dan keren banget,POSITIF
Aplikasi binar sangat membantu untuk belajar dan menambah wawasan dengan akses yang mudah.,POSITIF
bagus banget sangat bermanfaat,POSITIF
"masih banyak bug, apliasi berasa berat banget",NEGATIF
"kendala lemot ketika membuka/klik gambar pada isi materi, setelah menutup gambar dan melanjutkan membaca materi, prosesnya loading sangat lama sekali/lemot, padahal jaringan stabil. sudah saya test menggunakan beberapa provider dan restart device hasil tetap sama. mohon untuk segera diperbaiki. rating akan saya rubah ketika sudah diperbaiki. terimakasih",NEGATIF
Mantap,POSITIF
Aplikasi belajar skill digital terjangkau dan berkualitas. Terbaik,POSITIF
"Cara promosinya ngak benar, pembohongan publik. Katanya gratis padahal semua berbayar. Jelek bangat.",NEGATIF
"BEBAYAR SEMUA, DAN MAHAL GILA DIATAS 5 JUTA",NEGATIF
Ujung ujung nya bayar nyari duit jga bahahaha,NEGATIF
"app yg sangatt bermanfaat, kerenn bgt",POSITIF
wahhh ini aplikasih ini keren banget sih tampilanya juga sangat membuat kita jadi makin semangat belajar â¤â¤,POSITIF
"Fitur di aplikasi binar ini keren banget, aplikasi ini bisa membantu memperluas ilmu pengetahuan",POSITIF
"Kukira platform biasa ternyata luar biasa, bisa nambah nambah ilmu pemograman juga nih, belum lagi banyak ahli ahli yang ikut ngajarin, belajar di binar jadi makin semangat dan mudah ðŸ‘",POSITIF
Udah mah belajarnya dibimbing.. bisa dibantu cariin kerja lagi,POSITIF
"Awalnya kukira apk biasa dan gak bakal se impact itu buat aku, tapi ternyata apk nya bagus banget sih, nyesel baru tahu sekarangT_T fitur nya juga membantu banget",POSITIF
"Aplikasi ini keren bangettt, aku paling suka yang bootcampnya. Bener"" bermanfaat banget buat aku belajar UI/UX Design!",POSITIF
kerenn aplikasinya!!,POSITIF
Aplikasi yang keren dan bermanfaat sekali buat belajar skill di dunia digital. MANTAP.,POSITIF
"Ampun dah, cuma ini aplikasi yang bisa ngalahin notif sosmed. Bikin betah bener. Selain dibuat nyaman dari sisi tampilan, gaya bahasanya juga asik, lain dari yang lain. Suasana belajar jadi berasa lagi ngobrol ama temen sebangku",POSITIF
"ini aplikasi kerenn banget, sangat bermanfaat buat nambah skill, pengalaman, fitur fitur yang diberikan jugaa mantap. Thank you binar ",POSITIF
"Binar ini aplikasi yang sangat membantu dan bermanfaat bagi teman-teman semua yang mau banget belajar ui/ux design, product management, dan masih banyak laagiii!! So, sangat worth it untuk belajar dr binar academy ini!",POSITIF
Aplikasi yang bagus dan membantu,POSITIF
Jadi auto pindah ke online course ini sihh. Mantep bgttðŸ˜,POSITIF
"masih banyak bug, apliasi berasa berat banget",NEGATIF
"kendala lemot ketika membuka/klik gambar pada isi materi, setelah menutup gambar dan melanjutkan membaca materi, prosesnya loading sangat lama sekali/lemot, padahal jaringan stabil. sudah saya test menggunakan beberapa provider dan restart device hasil tetap sama. mohon untuk segera diperbaiki. rating akan saya rubah ketika sudah diperbaiki. terimakasih",NEGATIF
Mantap,POSITIF
Aplikasi belajar skill digital terjangkau dan berkualitas. Terbaik,POSITIF
"Cara promosinya ngak benar, pembohongan publik. Katanya gratis padahal semua berbayar. Jelek bangat.",NEGATIF
"BEBAYAR SEMUA, DAN MAHAL GILA DIATAS 5 JUTA",NEGATIF
Ujung ujung nya bayar nyari duit jga bahahaha,NEGATIF
"Aplikasinya keren, nyesel kalau gk nyoba. Ada banyak course dengan materi yang lengkap dan mudah dipahami. Ingin belajar web development? Di sini dijelaskan dari awal sehingga kalau sebelumnya belum pernah ngoding dijamin bakal paham dan jadi jago. Apakah cuma web? Tentu saja tidak. Ada banyak bidang lain yang bisa dipelajari. Langsung aja instal dan cek sendiri.",POSITIF
"Aplikasinya ini sangat bermanfaat dan membantu menambah wawasan, user friendly dan yang paling seru itu boothcampnya apalagi product management sama ui/ux course nya ituu, simple dan ga ribett mudah dipahamii.",POSITIF
"Aplikasinya keren, pembahasannya sangat detail cocok banget buat pemula",POSITIF
"Aplikasinya membantu bgt buat belajar, penjelasan mudah dipahami dan ilustrasinya jelas.",POSITIF
"Aplikasinya sangat membantu dan bermanfaat banget buat nambah wawasan dan ngelatih skill. Para pengajarnya juga ngejelasin materi dengan bahasa sederhana yang mudah kita pahami. Ada fitur yang bakal bantu kita buat cari kerja juga, jadi membantu banget buat yang bingung nyari kerja",POSITIF
"Keren banget, usefull banget terutama buat yang pengen belajar it dan bisnis",POSITIF
"Wahh kaget banget ada aplikasi se-lengkap ini!! Kita bisa eksplor kemampuan kita dalam hal UI & UX, dan Android Engineering. Ada webinar juga lhoðŸ˜²",POSITIF
"Wahh keren banget aplikasinya, bahasa mudah dipahami dan cara penggunaanya juga",POSITIF
"masih banyak bug, apliasi berasa berat banget",NEGATIF
"kendala lemot ketika membuka/klik gambar pada isi materi, setelah menutup gambar dan melanjutkan membaca materi, prosesnya loading sangat lama sekali/lemot, padahal jaringan stabil. sudah saya test menggunakan beberapa provider dan restart device hasil tetap sama. mohon untuk segera diperbaiki. rating akan saya rubah ketika sudah diperbaiki. terimakasih",NEGATIF
Mantap,POSITIF
Aplikasi belajar skill digital terjangkau dan berkualitas. Terbaik,POSITIF
"Cara promosinya ngak benar, pembohongan publik. Katanya gratis padahal semua berbayar. Jelek bangat.",NEGATIF
"BEBAYAR SEMUA, DAN MAHAL GILA DIATAS 5 JUTA",NEGATIF
Ujung ujung nya bayar nyari duit jga bahahaha,NEGATIF
Aplikasi pembelajaran yang sangat bagus. Banyak course materi yang bisa dipelajari dan visual serta penyampaian materi yang sangat menarik ðŸ‘,POSITIF
"Aplikasi pembelajaran yang keren. Jalannya smooth dan visualnya bagus, mudah dipakai semua orang. Fiturnya juga bermanfaat, fitur favoritku itu kita bisa nyobain belajar materinya secara gratis sebelum belajar lebih lanjut lagi. Kalo kita mau cari insight juga tinggal nyari talkshow sesuai tema yang diinginkan",POSITIF
Aplikasi yang keren banget buat belajar tentang digital skill dan lainnya!,POSITIF
Binar adalah aplikasi pembelajaran yang menarik untuk semua orang. Keren banget bisa belajar lewat HP pakai tampilan yang gampang dipahami,POSITIF
Cara menggunakan aplikasinya sangat mudah. Apalagi ada fitur pembelian webinar yang sangat inspiratif. Aplikasi yang sangat berguna untuk belajar,POSITIF
"masih banyak bug, apliasi berasa berat banget",NEGATIF
"kendala lemot ketika membuka/klik gambar pada isi materi, setelah menutup gambar dan melanjutkan membaca materi, prosesnya loading sangat lama sekali/lemot, padahal jaringan stabil. sudah saya test menggunakan beberapa provider dan restart device hasil tetap sama. mohon untuk segera diperbaiki. rating akan saya rubah ketika sudah diperbaiki. terimakasih",NEGATIF
Mantap,POSITIF
Aplikasi belajar skill digital terjangkau dan berkualitas. Terbaik,POSITIF
"Cara promosinya ngak benar, pembohongan publik. Katanya gratis padahal semua berbayar. Jelek bangat.",NEGATIF
"BEBAYAR SEMUA, DAN MAHAL GILA DIATAS 5 JUTA",NEGATIF
Ujung ujung nya bayar nyari duit jga bahahaha,NEGATIF
"Pengen kerja dengan gaji BESAR. Yuk kita gass ke Binar Academy. Jaman sekarang ga boleh kalah sm teknologi! Nah binar academy keren banget kasih kita wadah buat belajar teknologi. Kita diajarin sampe bisa oleh fasilitator terbaik, jadi dijamin cepet pinter. Dan no play play Binar Academy juga salurin kerja lewat Binar Job Connect. Wah keren banget si Binar Academy.",POSITIF
"Aplikasi nya sangat membantu untuk pemula yg ingin belajar ilmu pemrograman. Karna, hanya dengan menggunakan gadget saja kita bisa mengembangkan softskill kita. Bahasa yg digunakan mudah dipahami trus tampilan nya yg menarik jadi sangat memudahkan untuk pemula dalam belajar. Di Apk Binar Academy banyak fasilitator yg ahli juga. Nah yg paling menarik di apk nya ada kelas gratis nya untuk pemula. Jadi cocok bgt nih buat kaum rebahan yg ingin nambah softskill nya.",POSITIF
"Parahh si baru pertama kali aku nemu aplikasi course sebagus ini, bermanfaat banget course tntg materi product managementnyaa, jadi disini paketnya lengkap guysss. Daripada gabut PPKM mending cobain dah. Yuk buat yang mau nambah skill, install appnya sekarang! jgn sampai menyesallll seperti aku yaa, karena baru tau aplikasi ini hihihiðŸ¤ªðŸ¤ªðŸ¤©",POSITIF
"masih banyak bug, apliasi berasa berat banget",NEGATIF
"kendala lemot ketika membuka/klik gambar pada isi materi, setelah menutup gambar dan melanjutkan membaca materi, prosesnya loading sangat lama sekali/lemot, padahal jaringan stabil. sudah saya test menggunakan beberapa provider dan restart device hasil tetap sama. mohon untuk segera diperbaiki. rating akan saya rubah ketika sudah diperbaiki. terimakasih",NEGATIF
Mantap,POSITIF
Aplikasi belajar skill digital terjangkau dan berkualitas. Terbaik,POSITIF
"Cara promosinya ngak benar, pembohongan publik. Katanya gratis padahal semua berbayar. Jelek bangat.",NEGATIF
"BEBAYAR SEMUA, DAN MAHAL GILA DIATAS 5 JUTA",NEGATIF
Ujung ujung nya bayar nyari duit jga bahahaha,NEGATIF
Bagus banget aplikasinya mudah digunain dalam design UI/UX nya simple dan interaktif saat penggunaan informasi yang dipaparkan sagat membantu dan mudah dipahami,POSITIF
"Sebagai seorang mahasiswa IT, menurut saya aplikask ini sangat bagus. Banyak ilmu yang bisa saya dapat untuk menambah wawasan dan meningkatkan skill saya. The bestt!!!!",POSITIF
"mantap bgt, bermanfat bgtðŸ˜",POSITIF
Aku cinta binar academy,POSITIF
"Keren bgt aplikasinya, sangat membantu",POSITIF
Aplikasinya sangat membantu bagi yang baru mulai belajar. Ilustrasi yang digunakan juga menarik sehingga membuat kita tidak mudah bosan.,POSITIF
"Aplikasinya sangar dan membahana, sangat membantu saya sebagai Mahasiswa Teknik Informatika dalam menunjang Mata Kuliah dan menambah wawasan baru tentang Teknologi Informasi. Ajib dah pokoknya....",POSITIF
"keren banget, materi yang dijelaskan sangat detail. thanks binar",POSITIF
Aplikasinya sangat membantu untuk kita yang mau belajar,POSITIF
Aplikasi nya sangat membantu dan penjelasan materi sangat jelas,POSITIF
"aku cuma review ""keren, aplikasinya sangat bermanfaat""",POSITIF
"HATI-HATI!!!! NANTI KALIAN KETAGIHAN BELAJAR DI BINAR. Awalnya penasaran sama aplikasi ini yang katanya meningkatkan skill digital kalian. Setelah saya coba, wahh parah sihhhh ketagihan belajar disini. Ada Binar bootcamp yang bisa kalian ikuti dan ada berbagai promo yang ditawarkan. ui/ux , android dev, web? Kalian WAJIB coba sih belajar di Binar! Bikin ketagihan belajarnya asliiiðŸ‘ðŸ‘.",POSITIF
"Halo admin, Barang kali tujuan dari hidup adalah belajar. Admin telah menciptakan suatu media daring dimana saya orang awam mampu untuk belajar dan meningkatkan skill terutama di bidang UI/UX design. Tampilannya yang user friendly dan juga dibimbing oleh kakak-kakak yang profesional. you are the best, binar.",POSITIF
"Untuk aplikasi yang berorientasi di edukasi teknologi serta webinar, aplikasi ini menyajikan banyak sekali fitur - fitur dalam menunjang pengetahuan tersebut. Meski begitu, tampilannya terasa simple dan fresh bagi kami pengguna awam aplikasi serupa. Mudah digunakan dengan menajikan berbagai hal, cocok sekali untuk seluruh kalangan, mulai dari pemula, sudah berpengalaman maupun advanced.",POSITIF
"Aplikasi belajar yang bagus bagi pemula dan profesional di bidang TI seperti web, aplikasi android, dan full stack developer.",POSITIF
"Binar aplikasi edukasi bagi semua orang dan semua kelompok umur bisa memakainya banyak bnget yg diedukasikan yang jelas berhubungan sama IT (GRATIS) lagi. Dengan belajar disini kamu bisa berkarier di industri digital. Kenapa baru tau aplikasi ini waktu kuliah  andai aku tau lebih cepat, lebih cepat juga aku memahani dunia per-IT an yang rumit kayak hubungan wkwkwk Terimakasih binar aplikasi",POSITIF
"Awalnya ragu dengan aplikasi binar, setelah melihat interface nya yg mudah sangat cocok untuk semau kalangan pelajar mahasiswa dan umum.... Makin jatuh cinta dan keterusan untuk terus kedepannya akan menggunakan binar. Semoga binar makin sukses dan jaya serta makin mencerdaskan anak bangsa Indonesia..",POSITIF
"Ul aplikasi nya menarik, penjelasan nya mudah dimengerti dan di pahami , materi nya pun beragam , Btw aku ada pantun ni TETANGGA MASUK TELEVISI RUPANYA MASUK KE BERITA BIARLAH BINTANG MENJADI BUKTI â­ KALO BINAR APLIKASI TERBAIK SEPANJANG MASA",POSITIF
"APLIKASINYA BAGUS Banget juara yang lain kalah, gak lemot emang binar terbaik the best, yuk kalian download aplikasi ininyaa login nya bisa pake gmail, cus cepetan..",POSITIF
Wajib download yang punya interest di bidang IT,POSITIF
"Gilaaa!!! Aplikasinya mantepp banget guyss. Buat gw yang lgi kuliah online gini sabi banget belajar di Binar academy apalagi belajarnya bisa sambil rebahan duh mantep banget deh. Ada banyak manfaat dan ilmu yang bisa guwe dapetin selama gw belajar di binar academy terutama tentang IT dan ngoding. Keren parah gabisa berkata-kata lagi selain nambah skill, gw jg terbantu bgt buat ngerjain project tugas kampus gw. BenerÂ² recomended buat kalian para mahasiswa ataupun pelajar lainnya mantull abisssðŸ‘",POSITIF
"Sepertinya bagosss nih, monggo dicobaaa teman"".bisa untuk anak sma sampai kuliah lohh",POSITIF
"Aku baru aja dwnld apk ini dan bener bener excited apk Binar ini sngt2 cocok bgt untuk semua. Dan yg lebih parah lagi manfaat yg diproleh dri apk ini bnyk bgt yaitu ksmpatan kalian brkarir di industri digital sngt2 terbuka lebar. jgn ragu lgi, krn apk ini akn membri pngalaman bljr dgital yg lngkap, interaktif, dan mudah diakses. selain itu di apk ini kalian juga dpt menikmati Bootcamp, Binar Insight, infrmsi promo, hingga akses materi gratis bisa di dptkn di apk ini. bnyk bgt yg di dptkn dri apk ini, 1 apk berjuta manfaat",POSITIF
Awalnya tau aplikasi ini di tag temen buat ikut giveaway yg diadain di instagram @BinarAcademy..setelah instal aplikasi ini..ternyata isinya adalah belajar cepat dan mudah tentang dunia digital..woow mantaapp nih ðŸ‘ðŸ‘terutama buat org kayak sy yg cuma lulusan SMU dan suka digitaling tp minim ilmu tentang digitaling Dgn dua program yg ditawarkan yaitu binar bootcomp dan binar insight sangatÂ² intensif dan interaktif sekali dengan pilihan kelas dan durasi yg beragam sangat efektif dlm kita belajar,POSITIF
"Keren bgt ini aplikasi Bahkan buat dummies kayak aku yang gak ada basic IT juga ngerti belajar disini, bener bener cocok buat pemula. Bersyukut bgt akhirnya nemu app ini, coba nemu dari 2020 pasti udah kerja bagian IT deh aku sekarang. Super Recommended pokoknya buat pemula, buat cewe juga â¤â¤â¤â¤",POSITIF
"Kenapa aku baru tau ada aplikasi sebagus dan sekeren ini sih. Kalian yang mau dapet ilmu tentang UI/UX, Product Manajemen, Android Engineering, dan masih banyak lainnya... . Aplikasi yang materinya lengkap, menggunakan kata-kata kekinian yang friendly dan mudah dipahami, disetiap materinya juga ada gambar dan analoginya jadi lebih mudah dipahami. Pokoknya nggak akan nyesel download aplikasi ini.... Beli Telur Asin di Terminal Yokk gassiiin di Install!!!!",POSITIF
"Aplikasi nya bagus baguss bangettt, mulai dari susunannya yang rapi dan enak dimata, simpel dan mudah digunakan bahkan buat orang yang awam ini mudah banget make nya, trs app ini lancar no lag lag jd nyaman banget dah pakek nya terutama layanan sih cepet banget jadi puas banget belajarnya jd semangat!!!! Sarang Heoo miminimidaaðŸ¥°ðŸ¥°ðŸ¥°ðŸ¥°ðŸ¥°",POSITIF
"Aplikasi Binar sangat membantu menambah wawasan untuk mencari ilmu, fitur-fiturnya lengkap, mudah untuk dipahami dan dipelajari, apa lagi yang baru belajar sangat mudah adanya aplikasi Binar",POSITIF
"Heyyo Sobat Binar Seantero jagat raya ! Apa kareba ? Kalian masih bingung mau bimbel online dimana ? Ahayyy, gue saranin buat kalian semua untuk bimbel di Binar Academy, karena aplikasi ini tuh mantul bingits !! Dari aplikasi ini, gue belajar banyak hal karena itu loh fiturnya keren dan nagih habiss seperti penjelasan materinya disajikan secara kreatif, lengkap dengan pertanyaan menarik sehingga mudah dipahami dan belajar jadi menyenangkan dong, skuy buruan instal aplikasinya dijamin seru !",POSITIF
Aplikasi Binar Academy benar-benar aplikasi yang sangat bagus untuk belajar UI/UX Research & Design dan menambah Insight baru tentang UI/UX. Di Binar Academy juga ada Binar Insight yaitu belajar dengan menggunakan Insight dari banyak sudut pandang. Aplikasi ini sangat mengedukasi dan bermanfaat untuk bagi yang tertarik dengan UI/UX Design. Binar Academy keren banget deh ðŸ‘,POSITIF
Gw saranin elu yang belum Download aplikasi ini cepat download gihh Soalnya elu yang pemalas bisa berubah berkat aplikasi ini,POSITIF
Bagus banget dan sangat membantu untuk yang mau belajar coding contohnya untuk program full stack web development,POSITIF
"Woow aplikasi keren yg sangat membantu di era digitalisasi sekarang ini, apalagi masa pandemi ini yg semua kalangan harus beradaptasi secara online mau ngga mau kita harus mengembangkan TALENTA DIGITAL, binar academy menawarkan dua program pendidikan utama diantaranya yaitu BINAR BOOTCAMP dimana kursus intensif yg diperuntukan buat pemula berdurasi 4-6 bulan dengan 4 kelas, kemudian program BINAR INSIGHT dimana interaktif berbagai webinar berdurasi 1,5-2jam dengan pilihan kelas yg lebih beragam",POSITIF
Terimasih karena sudah berkontribusi dalam menumbuhkan digital talent diindonesia,POSITIF
"Wah aplikasi ini bagus banget, jadi bisa belajar lebih lanjut mengenai analisis bisnis nih. Sangat membantu sekali Binar Academy menawarkan dua program pendidikan utama. Di antaranya adalah Binar Bootcamp dan Binar Insight. Program Binar Bootcamp, kursus intensif bagi pemula seperti saya mempunyai empat kelas berdurasi 4 sampai 6 bulan yaitu",POSITIF
"Binar ibarat temen tongkrongan, dijelasin apa yg kita mau tau pake bahasa dan istilah yg sederhana. Sampe ngerti? Iya, bedanya kalau di binar sih kalem, ada cara belajar yang santai & fleksibel yg penting paham. Biaya? Terjangkau. Tapi nih ada testimoni dan ulasan yg bakal bikin kamu kamu~ yakin kalau harga & quality yg diberikan sesuai. Udah? Belum nih. Kalau udah lulus dibantu cari loker, samalah kek temen tongkrongan yg rela cariin loker biar lu gk bengong dirumah ðŸ˜‚. Download buruan atuh ",POSITIF
"Okey guyss btw ku sangat senang ketika ku di pertemukan dengan apk Biner Academy kenapa sihh aku senang sekali karena pas Pasan banget kan ku akan masuk universitas and ku harus bisa menguasai ilmu di bidang IT and ku sangat senang bisa mengenal apk Biner Academy soal nya disana kita akan belajar mengenai full-stack Web Development, Business intellgence analyst, UI/UX Research and Design and yg terakhir Android Engineering and aku harus serius and jangan menyia nyiakan belajar di Biner acabemya",POSITIF
"Wahhh baru tau nih ada aplikasi sekeren ini, bahasanya simpel tampilan nya juga simpel tapi isinya sangat berguna dan memudahkan saya utk belajar ilmu pemrograman. Full stars utk aplikasi binarâ¤â¤â¤â¤",POSITIF
"Aplikasi ini bagus banget, mudah digunakan dan sangat bermanfaat bagi saya yang kuliah di jurusan TI. Karena ada materi tentang Full-Stack Web Development dan Android Enginering yang mudah di pahami, dan ada banyak pilihan materi lainnya juga loh, yukk buruan download!!!!",POSITIF
"Keren banget aplikasi binar ini , yang di mana saya pertama tidak tertarik untuk mempelajari sklill di dunia digital karena ribet dan agak sulit gt, tapi setelah donlowd dan ikut di dalam nya ""deeabak"" dalam Korea hihihi (luar biasa) akhir nya saya ketagihan dan terus untuk belajar agar saya bisa di terima kerja di dunia digital. Top dechhh kalian harus downlowd dan ini lain dari yg lain .",POSITIF
"Awalnya pengen ku skip aja tawaran app ini karena aku gak suka warna ungu.....etapiiiii setelah iseng kubaca baik2, app ini ternyata dahsyat lho. Diajarin sampai paham, materi juga lengkap, harga bersahabat, dibantu nyariin kerja, dsb.... Cocok buat kaum rebahan yg demen cuan berlipat2. Kepo kan ? Yuk install ajaðŸ¤£ðŸ¤£ðŸ¤£ðŸ¤£ðŸ¤£",POSITIF
"Hari Rabu pergi ke pasar Jangan lupa membeli donat Ayo download Aplikasi Binar Bikin belajar makin semangat, Asli apliksi ini keren banget.. Yang bingung cari materi dimana dan bagaimana, disini tempatnya. Yang bingung nyari fasilitator profesional, ya Binar solusinya..",POSITIF
Aplikasi yang bagus dan sangat membantu,POSITIF
"sangat recommended, kerenn",POSITIF
"Kenapa ya baru tau aplikasi belajar IT ini pas kuliah semester akhir, tau gitu dulu gak usah ngulang matkul logika pemrograman pas dapet nilai D. Terus baru tau juga kalo di Jogja ada kantor Binar Academy. Aplikasi ini bener-bener ngebantu buat belajar coding",POSITIF
Aplikasi ini sangat bngt membantu dan akun belajar terbaik seluruh Indonesia dan mancanegara apalagi buat kalian tidak usah takut untuk belajar di aplikasi binar pokoknya rekomended bngt untuk masyarakat di masa pandemi seperti ini,POSITIF
"Binar Academy merupakan startup edukasi bagi talenta pemrograman yang didirikan mantan CTO Gojek Alamanda Shantika. Sebelumnya, Binar memililki akademi pemrograman dengan fasilitas beasiswa penuh di Yogyakarta dengan menjaring berbagai komunitas talenta digital di berbagai daerah. ""Semoga dengan hadirnya Binar Academy, pelaku teknologi digital di Indonesia akan mendapat pengetahuan, pengalaman, serta perilaku yang dibutuhkan profesional tenaga kerja di bidang teknologi digital Seperti Sekarang,",POSITIF
"Sebagai seorang educator sekaligus mahasiswa Magister akhir, Aplikasi BINAR Academy ini sangat membantu dunia pendidikan, sebagai personal kita bisa belajar tentang personal skill dan personal development, tak hanya itu sebagai professional banyak sekali materi menarik yang bisa dipelajari baik secara intensif maupun santai, fleksibel mengikuti ritme & learningstyle masing2, sebagai penggiat sosmed saya pun bisa banyak belajar tentang dunia digital yg wajib diupdate, yuk belajar bareng disini",POSITIF
"Keren nih aplikasi andai dari dulu udah tau aplilasi BinarðŸ˜Œbanyak sekali buat pemula belajar dasar dasarnya.cocok banget dah buat yang mau belajar pemrogaman,registnya sangat mudah.penjelasanya sangat mudah dipahami dan ada juga penjelasan tentang sejarah wa.banyak juga kuisÂ² yang bisa kalian jawab.POKOKNYA RECOMENDED BANGET NIH BUAT KALIAN YANG MAU BELAJARðŸ¤©",POSITIF
"Aplikasi ini berguna buat pelajar, yg membutuhkan belajar instan, jd gk usah banyak tanya y guys buktikan sendiri download apk nya dan belajar lewat binar academy. terima kasih",POSITIF
"Pertama kali buka aplikasi ini langsung salah fokus sama tampilannya yang keren, alur programnya yang rapi, tapi tetap tidak terasa berat walaupun sekeren ini. Aku jadi nggak ragu buat ngisi data diri karena pasti aplikasi ini punya sistem keamanan yang nggak kaleng2 ðŸ˜ Dari tampilannya aja udah cukup meyakinkan kalau kursus disini bakal sangat bermanfaat, udah terbukti dilihat dari aplikasi ini sendiri. Sukses selalu Binar Academy !! Sampai jumpa di kursus Batch 10 !! AKU SIAP !! ðŸ‡²ðŸ‡¨",POSITIF
"Binar Academy sangat bagus ,membantu sekali bagi kami yg ingin belajar ,pembahasannya yg berikan sangat mudah dipahami dan dimengerti, Recomended banget Buat teman2 yg masih Sekolah/ Kuliah Bisa coba menggunakan aplikasi Binar Academy ini Dijamin Materi yg diberikan dan pembahasannya sangat mudah dipahami TOP BGT...Semoga BINAR ACADEMY makin sukses dan berkembang pesat ðŸ˜‡ðŸ™",POSITIF
Aplikasi yang sangat bermanfaat dan benar-benar sangat membantu saya serta gak nyesel udah download aplikasi ini pokok nya recomeed banget asli gak bohong makin love-love dah sumpah suer yuk kalian ikutan download juga biar bertambah pintar,POSITIF
Aplikasi sangat bermanfaat untuk gw yang masih menjadi mahasiswa TIF,POSITIF
"Aplikasi Binar Academy ini benar-benar bagus deh, mulai dari Full-Stack Web development, Business Intelligence Analyst, UI/UX Research/ Desain, Android Engineering, Product Management dapat dipelajari di Binar Academy ini, penjelasan materi nya juga enak , bahkan setelah penjelasan 1 bagian materi akan ada pertanyaan untuk menguji pemahaman kita terhadap materi. Tunggu apa lagi teman-teman? Segera Di download yuk aplikasi Binar Academy iniï¼ðŸ˜€",POSITIF
Aplikasinya bagus dan pembelajarannya yang mudah dipahami dengan bahasa yang interaktif jadi ngak bosen baca,POSITIF
"Wah keren banget ni aplikasi, saya belajar banyak hal walaupun hanya dasar-dasarnya saja tapi memang keren si. Saya jadi tau bagaimana sejarah aplikasi WA yang awalnya berbayar hingga gratis sampai sekarang. Ditambah lagi aplikasi ini sangat kreatif karna banyak sekali kuis-kuis yang di sediakan oleh aplikasi ini, dengan menjawab kuiz tersebut dengan benar maka kita mendapatkan EXP seperti kita didalam game.",POSITIF
"Interface binar nampilin layout yang menarik dan navigasinya juga jelas, user friendly banget dan paling seru itu bootcampnya apalagi product management sama ui/ux coursenya itu simple ga ribet gampang dipahamin banget. Jangan lupa yang paling favorit itu class gocengnya sama flash sale events yang selalu ditunggu!",POSITIF
"Aplikasi gk jelas , mending jangan download deh",POSITIF
Aplikasi ini membantu saya dalam belajar dan memahami ui/ux,POSITIF
"Apk nya bagus banget, ngebantu banget nih buat yang baru up skill di bidang ini. Recomend deh pokok nya",POSITIF
" Aku tau Binar dari podcast-nya pak gita bincang dengan kak alamanda. Terus aku cari tau tuh ""apa sih binar itu?"" Ternyata sebagus itu proses pembelajaran di Binar. Di sana aku belajar konsep basic banget sesuai kelas yang aku pilih. Pastinya kelasnya beragam, tampilan UI/UX nya keren bgt, penjelasannya mudah dipahami, dan ilmunya up to date bgt. Dan yg paling penting terdapat quiz singkat yang melatih pemahaman lebih mendalam (cukup hati si dia aja yg belum mendalam jiakhh:v) ê³ ë§ˆì›Œ Binar..",POSITIF
"Gak cuma bootcamp atau kelas koding, Binar nyediain banyak insight menarik kaya digital marketing, Mayan asah experience juga lagi ppkm seperti ini.",POSITIF
Aplikasi ini berguna banget buat aku yang gak ngerti ngoding samasekali. Penjelasannya juga gampang dimengerti.,POSITIF
Sangat bagus untuk memperdalam ilmu dan pembahasan nya sangat mudah di pahami,POSITIF
"Mantap nih buat belajar dirumah, lagi ppkm begini kan nambah ilmu, Ngebantu juga disegi Financial, digital marketing dan masih banyak juga info promonya",POSITIF
"Aplikasi yang hebat,sangat banyak memberi pelajaran, goodluck guys",POSITIF
"UI Aplikasinya menarik, pasti belajar UI/UX di binar bakalan jadi Designer gak bakalan gagal deh, Inspiratif materinya juga.",POSITIF
"Aplikasi yang sangat membantu, anak muda wajibbbbb download sih",POSITIF
Cakep sih buat Tambahan Edukasi baru.,POSITIF
Mantap bisa belajar coding tanpa backrond IT,POSITIF
Aplikasi gak guna,POSITIF
"Menurutku sih aplikasinya bagus, kelasnya juga mudah dipahami, cuma saran aja mungkin kelas yang freenya bisa ditambahkan lebih banyak lagi",POSITIF
Keren si ini ! Materinya mudah di fahami. Gooood job,POSITIF
Aplikasi yang bagus untuk mahasiswa yang sedang belajar ngoding seperti saya,POSITIF
"Salam dari anak SMA! Aplikasi ini sangat bagus dan sangat membantu bagi kami yang ingin belajar, penjelasannya sangat mudah dipahami dan pembahasannya juga asik, terutama untuk ilustrasi - ilustrasi yang membantu memperjelas, semoga Binar Academy dapat lebih berkembang, sukses terus Binar Academy. SLEBEW MANTEPP!!",POSITIF
"sangat membantu sekali... khususnya buat kalian yang kuliah online, kalian bisa belajar di sini biar bisa bikin project langsung.",POSITIF
Wajib download yang punya interest di bidang IT,POSITIF
"Gilaaa!!! Aplikasinya mantepp banget guyss. Buat gw yang lgi kuliah online gini sabi banget belajar di Binar academy apalagi belajarnya bisa sambil rebahan duh mantep banget deh. Ada banyak manfaat dan ilmu yang bisa guwe dapetin selama gw belajar di binar academy terutama tentang IT dan ngoding. Keren parah gabisa berkata-kata lagi selain nambah skill, gw jg terbantu bgt buat ngerjain project tugas kampus gw. BenerÂ² recomended buat kalian para mahasiswa ataupun pelajar lainnya mantull abisssðŸ‘",POSITIF
"Sepertinya bagosss nih, monggo dicobaaa teman"".bisa untuk anak sma sampai kuliah lohh",POSITIF
"Aku baru aja dwnld apk ini dan bener bener excited apk Binar ini sngt2 cocok bgt untuk semua. Dan yg lebih parah lagi manfaat yg diproleh dri apk ini bnyk bgt yaitu ksmpatan kalian brkarir di industri digital sngt2 terbuka lebar. jgn ragu lgi, krn apk ini akn membri pngalaman bljr dgital yg lngkap, interaktif, dan mudah diakses. selain itu di apk ini kalian juga dpt menikmati Bootcamp, Binar Insight, infrmsi promo, hingga akses materi gratis bisa di dptkn di apk ini. bnyk bgt yg di dptkn dri apk ini, 1 apk berjuta manfaat",POSITIF
Awalnya tau aplikasi ini di tag temen buat ikut giveaway yg diadain di instagram @BinarAcademy..setelah instal aplikasi ini..ternyata isinya adalah belajar cepat dan mudah tentang dunia digital..woow mantaapp nih ðŸ‘ðŸ‘terutama buat org kayak sy yg cuma lulusan SMU dan suka digitaling tp minim ilmu tentang digitaling Dgn dua program yg ditawarkan yaitu binar bootcomp dan binar insight sangatÂ² intensif dan interaktif sekali dengan pilihan kelas dan durasi yg beragam sangat efektif dlm kita belajar,POSITIF
"Keren bgt ini aplikasi Bahkan buat dummies kayak aku yang gak ada basic IT juga ngerti belajar disini, bener bener cocok buat pemula. Bersyukut bgt akhirnya nemu app ini, coba nemu dari 2020 pasti udah kerja bagian IT deh aku sekarang. Super Recommended pokoknya buat pemula, buat cewe juga â¤â¤â¤â¤",POSITIF
"Kenapa aku baru tau ada aplikasi sebagus dan sekeren ini sih. Kalian yang mau dapet ilmu tentang UI/UX, Product Manajemen, Android Engineering, dan masih banyak lainnya... . Aplikasi yang materinya lengkap, menggunakan kata-kata kekinian yang friendly dan mudah dipahami, disetiap materinya juga ada gambar dan analoginya jadi lebih mudah dipahami. Pokoknya nggak akan nyesel download aplikasi ini.... Beli Telur Asin di Terminal Yokk gassiiin di Install!!!!",POSITIF
"Aplikasi nya bagus baguss bangettt, mulai dari susunannya yang rapi dan enak dimata, simpel dan mudah digunakan bahkan buat orang yang awam ini mudah banget make nya, trs app ini lancar no lag lag jd nyaman banget dah pakek nya terutama layanan sih cepet banget jadi puas banget belajarnya jd semangat!!!! Sarang Heoo miminimidaaðŸ¥°ðŸ¥°ðŸ¥°ðŸ¥°ðŸ¥°",POSITIF
"Aplikasi Binar sangat membantu menambah wawasan untuk mencari ilmu, fitur-fiturnya lengkap, mudah untuk dipahami dan dipelajari, apa lagi yang baru belajar sangat mudah adanya aplikasi Binar",POSITIF
"Heyyo Sobat Binar Seantero jagat raya ! Apa kareba ? Kalian masih bingung mau bimbel online dimana ? Ahayyy, gue saranin buat kalian semua untuk bimbel di Binar Academy, karena aplikasi ini tuh mantul bingits !! Dari aplikasi ini, gue belajar banyak hal karena itu loh fiturnya keren dan nagih habiss seperti penjelasan materinya disajikan secara kreatif, lengkap dengan pertanyaan menarik sehingga mudah dipahami dan belajar jadi menyenangkan dong, skuy buruan instal aplikasinya dijamin seru !",POSITIF
"Apk nya bagus banget, ngebantu banget nih buat yang baru up skill di bidang ini. Recomend deh pokok nya",POSITIF
Aplikasi Binar Academy benar-benar aplikasi yang sangat bagus untuk belajar UI/UX Research & Design dan menambah Insight baru tentang UI/UX. Di Binar Academy juga ada Binar Insight yaitu belajar dengan menggunakan Insight dari banyak sudut pandang. Aplikasi ini sangat mengedukasi dan bermanfaat untuk bagi yang tertarik dengan UI/UX Design. Binar Academy keren banget deh ðŸ‘,POSITIF
"Gw saranin elu yang belum Download aplikasi ini cepat download gihh Soalnya elu yang pemalas bisa berubah berkat aplikasi ini, tenang aja yang penyimpanannya tinggal dikit aplikasinya gak besar amat kok",POSITIF
Bagus banget dan sangat membantu untuk yang mau belajar coding contohnya untuk program full stack web development,POSITIF
"Woow aplikasi keren yg sangat membantu di era digitalisasi sekarang ini, apalagi masa pandemi ini yg semua kalangan harus beradaptasi secara online mau ngga mau kita harus mengembangkan TALENTA DIGITAL, binar academy menawarkan dua program pendidikan utama diantaranya yaitu BINAR BOOTCAMP dimana kursus intensif yg diperuntukan buat pemula berdurasi 4-6 bulan dengan 4 kelas, kemudian program BINAR INSIGHT dimana interaktif berbagai webinar berdurasi 1,5-2jam dengan pilihan kelas yg lebih beragam",POSITIF
Terimasih karena sudah berkontribusi dalam menumbuhkan digital talent diindonesia Keep going on for us,POSITIF
"Wah aplikasi ini bagus banget, jadi bisa belajar lebih lanjut mengenai analisis bisnis nih. Sangat membantu sekali Binar Academy menawarkan dua program pendidikan utama. Di antaranya adalah Binar Bootcamp dan Binar Insight. Program Binar Bootcamp, kursus intensif bagi pemula seperti saya mempunyai empat kelas berdurasi 4 sampai 6 bulan yaitu",POSITIF
"Binar ibarat temen tongkrongan, dijelasin apa yg kita mau tau pake bahasa dan istilah yg sederhana. Sampe ngerti? Iya, bedanya kalau di binar sih kalem, ada cara belajar yang santai & fleksibel yg penting paham. Biaya? Terjangkau. Tapi nih ada testimoni dan ulasan yg bakal bikin kamu kamu~ yakin kalau harga & quality yg diberikan sesuai. Udah? Belum nih. Kalau udah lulus dibantu cari loker, samalah kek temen tongkrongan yg rela cariin loker biar lu gk bengong dirumah ðŸ˜‚. Download buruan atuh ",POSITIF
"Okey guyss btw ku sangat senang ketika ku di pertemukan dengan apk Biner Academy kenapa sihh aku senang sekali karena pas Pasan banget kan ku akan masuk universitas and ku harus bisa menguasai ilmu di bidang IT and ku sangat senang bisa mengenal apk Biner Academy soal nya disana kita akan belajar mengenai full-stack Web Development, Business intellgence analyst, UI/UX Research and Design and yg terakhir Android Engineering and aku harus serius and jangan menyia nyiakan belajar di Biner acabemya",POSITIF
"Wahhh baru tau nih ada aplikasi sekeren ini, bahasanya simpel tampilan nya juga simpel tapi isinya sangat berguna dan memudahkan saya utk belajar ilmu pemrograman. Full stars utk aplikasi binarâ¤â¤â¤â¤",POSITIF
"Aplikasi ini bagus banget, mudah digunakan dan sangat bermanfaat bagi saya yang kuliah di jurusan TI. Karena ada materi tentang Full-Stack Web Development dan Android Enginering yang mudah di pahami, dan ada banyak pilihan materi lainnya juga loh, yukk buruan download!!!!",POSITIF
Binar best,POSITIF
"Saya mahasiswi semester akhir, adanya aplikasi ini sangat sangat sangat membantu, juga untuk pengembangan softskill saya, studi kasusnya juga riil, jadi gampang buat peka lingkungan sekitar, belum lagi fasilitator nya duh makasih banyak fasilitator yg sangat kompeten di bidangnya, praktisi di industri digital, ahli nya banget di bidang ini, dan menariknya bayarnya murah banyak promo pula, gampang juga bisa lewat gadget, tinggal pencet pencet smbil rebahan,makasi sertifikatnya jadi ptimis nyari loker ",POSITIF
"Aplikasi edukasi yg cocok untuk kita yang mau belajar lebih dalam tentang IT khususnya bidang programming, UI/UX aplikasinya nyaman dan pastinya sangat membantu kita dalam proses belajar",POSITIF
Buat kalian yg baru belajar ttg membuat codingan apk ini sangat recommended banget bangetttttt,POSITIF
"Sangat recommended banget, temen temn yg kuliah onlinemah mending belajarnya disini, biar bisa bikin project langsung.",POSITIF
"Buat yang nambah2 ilmu di bidang coding or digital marketing cocok bgttt niii guys! pasti ga nyesel nih download apk binar ini, selamat mencoba",POSITIF
keren sih. lumayan buat otodidak + buat ngisi gabut dimasa ppkm gini yg bingung harus ngapain. bisa ngisi waktu luang jugaa bisa ningkatin soft skill,POSITIF
"Gokil sih, cocok buat yang lagi belajar atau lagi memperdalam pengetahuan seputar pemrogramman. Regist nya mudah, designnya simple, dan penjelasannya ga cuma ngebahas bahasa pemrogrammannya aja tapi dari sejarahnya juga ada. Buat yang masih awam dan tertarik belajar pemrogramman recommend banget sih.",POSITIF
Buat yg mau nambah ilmu coding/ digital marketing cocok bangat. Gak nyesel,POSITIF
Sangat menarik nih untuk orang yg masih awam mudah mudahan bisa belajar dari aplikasi ini,POSITIF
Aplikasinya bagus. Sangat edukatif. Semoga banyak milenial yang menggunakan aplikasi ini.,POSITIF
"UI appnya super nyaman, kaya color palletnya LV kalo kata kak Ala. Bisa belajar dasar dari tiap bootcamp free. Really helpfull buat fresh grad yang mau masuk ke startup industry.",POSITIF
"Aplikasi yang bagus, menyediakan ruang atau tempat untuk pelajar dan tenaga didik. Mantap",POSITIF
Salah satu aplikasi IT terbaik yang membantu untuk pembelajaran melalui digital learning.,POSITIF
Best Apps Digital Learning,POSITIF
"Aplikasinya sangat bagus , apalagi bagi pemula . Dan ada juga free coursenya jadi bisa mencoba yg free dlu sebelum mencoba yang premum dan platinum .",POSITIF
"Belajar coding pke ini bner2 ga ribet insightnya bnyk bgt,ppkm gni cocok belajar lwt apk ini",POSITIF
"Aplikasinya keurend meunnnnnn, kursus mengenai full stack nya eweuh tandingan paham pisan materinya sangaaaddddd mudah diingat ga kaya dia yang Gainget aku ",POSITIF
"Aplikasinya sudah bagus dan sangat mudah digunakan sekalipun sebagai pengguna baru. Materi yang di sediakan juga beragam tapi yang saya paling tertarik dengan materi fullstack web development, dimana telah tersedia mulai dari sejarah, konsep, tak lupa html, css, css framework dan yang paling menarik itu Javascript. Semoga aplikasi terus berkembang dan memberikan banyak manfaat dan menjadi wadah bagi siapa saja yang ingin berkarir di bidang IT.",POSITIF
Sangat bermanfaat dan dibutuhkan masyarakat apalagi di masa pandemi seperti ini. Binar memberikan spirit dan menjadikan pribadi lebih percaya akan kemampuan diri. Ilmu yang didapat juga sangat recomended. Yuk download aplikasi binar segera dan rasakan sendiri manfaatnya..,POSITIF
"Aplikasi paling mantap, sangat membantu untuk saya dalam memahami berbagai persoalan mengenai pemograman, dari web devolopment, UI/UX, dll",POSITIF
Bagus sangat membantu untuk belajar,POSITIF
terimakasih telah menciptakan aplikasi ini untuk indonesia,POSITIF
Bagus sangat membantu untuk belajar,POSITIF
terimakasih telah menciptakan aplikasi ini untuk indonesia,POSITIF
"UI nya bikin betah, ilustrasi nya keren dan sangat membantu orang orang yang ingin belajar",POSITIF
binar best,POSITIF
Binar keren banget,POSITIF
Bagus,POSITIF
Mahal pelatihannya,POSITIF
Siip dah,POSITIF
good application with interesting material for self development,POSITIF
it's really helpful. hight recommended,POSITIF
Mantap,POSITIF
Bagus ini aplikasi saya masih kelas 2smp sudah bisa coding saya tau ini aplikasi berkat TT,POSITIF
Oke,POSITIF
Sangat mudah di fahami untuk yang tidak premium sudah bagus.apalagi premium anda harus coba,POSITIF
"Mantap aplikasinya bagus sangat membantu,,tambah Gratis lagi",POSITIF
Mantap,POSITIF
Mantap!!!!!,POSITIF
"Gw saranin elu yang belum Download aplikasi ini cepat download gihh Soalnya elu yang pemalas bisa berubah berkat aplikasi ini, tenang aja yang penyimpanannya tinggal dikit, aplikasinya gak besar amat kok",POSITIF
Bagus banget dan sangat membantu untuk yang mau belajar coding contohnya untuk program full stack web development,POSITIF
"Woow aplikasi keren yg sangat membantu di era digitalisasi sekarang ini, apalagi masaÂ² pandemi ini yg semua kalangan harus beradaptasi secara online mau ngga mau kita harus mengembangkan TALENTA DIGITAL, binar academy menawarkan dua program pendidikan utama diantaranya yaitu BINAR BOOTCAMP dimana kursus intensif yg diperuntukan buat pemula berdurasi 4-6 bulan dengan 4 kelas, kemudian program BINAR INSIGHT dimana interaktif berbagai webinar berdurasi 1,5-2jam dengan pilihan kelas yg lebih beragam",POSITIF
Terimasih karena sudah berkontribusi dalam menumbuhkan digital talent diindonesiaðŸ˜Š Keep going on for usðŸ¤,POSITIF
"Wah aplikasi ini bagus banget, jadi bisa belajar lebih lanjut mengenai analisis bisnis nih. Sangat membantu sekali Binar Academy menawarkan dua program pendidikan utama. Di antaranya adalah Binar Bootcamp dan Binar Insight. Program Binar Bootcamp, kursus intensif bagi pemula seperti saya mempunyai empat kelas berdurasi 4 sampai 6 bulan yaitu",POSITIF
"Binar ibarat temen tongkrongan, dijelasin apa yg kita mau tau pake bahasa dan istilah yg sederhana. Sampe ngerti? Iya, bedanya kalau di binar sih kalem, ada cara belajar yang santai & fleksibel yg penting paham. Biaya? Terjangkau. Tapi nih ada testimoni dan ulasan yg bakal bikin kamu kamu~ yakin kalau harga & quality yg diberikan sesuai. Udah? Belum nih. Kalau udah lulus dibantu cari loker, samalah kek temen tongkrongan yg rela cariin loker biar lu gk bengong dirumah ðŸ˜‚. Download buruan atuh ",POSITIF
"Okey guyss btw ku sangat senang ketika ku di pertemukan dengan apk Biner Academy kenapa sihh aku senang sekali karena pas Pasan banget kan ku akan masuk universitas and ku harus bisa menguasai ilmu di bidang IT and ku sangat senang bisa mengenal apk Biner Academy soal nya disana kita akan belajar mengenai full-stack Web Development, Business intellgence analyst, UI/UX Research and Design and yg terakhir Android Engineering and aku harus serius and jangan menyia nyiakan belajar di Biner acabemya",POSITIF
"Wahhh baru tau nih ada aplikasi sekeren ini, bahasanya simpel tampilan nya juga simpel tapi isinya sangat berguna dan memudahkan saya utk belajar ilmu pemrograman. Full stars utk aplikasi binarâ¤â¤â¤â¤",POSITIF
"Aplikasi ini bagus banget, mudah digunakan dan sangat bermanfaat bagi saya yang kuliah di jurusan TI. Karena ada materi tentang Full-Stack Web Development dan Android Enginering yang mudah di pahami, dan ada banyak pilihan materi lainnya juga loh, yukk buruan download!!!!",POSITIF
Binar best,POSITIF
"Saya mahasiswi semester akhir, adanya aplikasi ini sangat sangat sangat membantu, juga untuk pengembangan softskill saya, studi kasusnya juga riil, jadi gampang buat peka lingkungan sekitar, belum lagi fasilitator nya duh makasih banyak fasilitator yg sangat kompeten di bidangnya, praktisi di industri digital, ahli nya banget di bidang ini, dan menariknya bayarnya murah banyak promo pula, gampang juga bisa lewat gadget, tinggal pencet pencet smbil rebahan,makasi sertifikatnya jadi ptimis nyari loker ",POSITIF
"Aplikasi edukasi yg cocok untuk kita yang mau belajar lebih dalam tentang IT khususnya bidang programming, UI/UX aplikasinya nyaman dan pastinya sangat membantu kita dalam proses belajar ðŸ‘",POSITIF
Buat kalian yg baru belajar ttg membuat codingan apk ini sangat recommended banget bangetttttt,POSITIF
"Aplikasi yang bagus, menyediakan ruang atau tempat untuk pelajar dan tenaga didik. Mantap",POSITIF
Salah satu aplikasi IT terbaik yang membantu untuk pembelajaran melalui digital learning.,POSITIF
Best Apps Digital Learning,POSITIF
"Aplikasinya sangat bagus , apalagi bagi pemula . Dan ada juga free coursenya jadi bisa mencoba yg free dlu sebelum mencoba yang premum dan platinum .",POSITIF
"Belajar coding pke ini bner2 ga ribet insightnya bnyk bgt,ppkm gni cocok belajar lwt apk ini",POSITIF
"Aplikasinya keurend meunnnnnn, kursus mengenai full stack nya eweuh tandingan paham pisan materinya sangaaaddddd mudah diingat ga kaya dia yang Gainget aku ",POSITIF
"Aplikasinya sudah bagus dan sangat mudah digunakan sekalipun sebagai pengguna baru. Materi yang di sediakan juga beragam tapi yang saya paling tertarik dengan materi fullstack web development, dimana telah tersedia mulai dari sejarah, konsep, tak lupa html, css, css framework dan yang paling menarik itu Javascript. Semoga aplikasi terus berkembang dan memberikan banyak manfaat dan menjadi wadah bagi siapa saja yang ingin berkarir di bidang IT.",POSITIF
Sangat bermanfaat dan dibutuhkan masyarakat apalagi di masa pandemi seperti ini. Binar memberikan spirit dan menjadikan pribadi lebih percaya akan kemampuan diri. Ilmu yang didapat juga sangat recomended. Yuk download aplikasi binar segera dan rasakan sendiri manfaatnya.. ðŸ˜ŠðŸ™ðŸ»,POSITIF
"Aplikasi paling mantap, sangat membantu untuk saya dalam memahami berbagai persoalan mengenai pemograman, dari web devolopment, UI/UX, dll",POSITIF
Bagus sangat membantu untuk belajar,POSITIF
terimakasih telah menciptakan aplikasi ini untuk indonesia,POSITIF
"UI nya bikin betah, ilustrasi nya keren dan sangat membantu orang orang yang ingin belajar",POSITIF
binar best,POSITIF
Binar keren banget,POSITIF
Bagus,POSITIF
Mahal pelatihannya,POSITIF
Siip dah,POSITIF
good application with interesting material for self development,POSITIF
it's really helpful. hight recommended,POSITIF
Mantap,POSITIF
Bagus ini aplikasi saya masih kelas 2smp sudah bisa coding saya tau ini aplikasi berkat TT,POSITIF
Oke,POSITIF
Sangat mudah di fahami untuk yang tidak premium sudah bagus.apalagi premium anda harus coba,POSITIF
"Mantap aplikasinya bagus sangat membantu,,tambah Gratis lagi",POSITIF
Mantap,POSITIF
Mantap!!!!!,POSITIF
Bagus,POSITIF
Masih banyak bug di sini,NEGATIF
Mantapsss,POSITIF
Tidak bisa di instal,NEGATIF
Good,POSITIF
Sangat menginspirasi,POSITIF
Binar adalah laboratorium bagi mereka yg ingin mengikuti perkembangan industri 4.0,POSITIF
aplikasi nya wah mantappp  banget makasih,POSITIF
Akun nggk bisa didaftarkan,NEGATIF
Boleh di coba baguss,POSITIF
"Pas lihat foto penjelasan terus out krna mau lihat materinya lagi tiba tiba udah next aja atau kejawab gtu soal nya, tolong diperbaiki ya. ",NEGATIF
stuck di splash screen,NEGATIF
bagus,POSITIF
"Aplikasi sangat bagus ,sudah diperbaiki",POSITIF
"Informatif,",POSITIF
mantab,POSITIF
Untuk sistem operasi 8.1 oreo sering foce close apps nya,NEGATIF
Kenapa suka lemot pas masuk ke course,NEGATIF
Aplikasi ini sudah bagus dan sangat mbantu bagi kami yang ingin belajar.. Namun sebetulnya masih banyak fitur yang bisa dikembangkan lagi untuk mempermudah proses pembelajaran.. Saya barkah ade kurnia bersedia bekerja di binar academy guna mengembangkan hal ini.. Terimakasih hehe,POSITIF
Ribet masuknya,NEGATIF
Bgs,POSITIF
Mohon dikembangkan lagi min saya suka dengan aplikasi nya,POSITIF
"Kenapa ya sekarang aku GK bisa log in,yg nongol malah ""kesalahan server "" katanya,trus ane coba uninstall trus download ulang tetep aja gitu... Krna udh gitu bikin akun baru lagi deh Tapi... Tetep ""kesalahan server"" Tolong dong :/",NEGATIF
Tidak bisa dioperasikan,NEGATIF
"Gak guna, gak bisa masuk",NEGATIF
"Apk yang bagus, menambah wawasan dan bisa mendapatkan banyak keuntungan",POSITIF
Kadang tidak dapat mengakses materi dan loading terlalu lama. Mohon diperbaiki,NEGATIF
Aplikasi tolol jaringan udah full masa gabisa dibuka,NEGATIF
Sangat berguna dan bermanfaat,POSITIF
buruk,NEGATIF
"Jujur masih banyak bug disana sini, mohon lebih diperhatikan lagi performance aplikasi nya, mau akses materi tapi loading lama banget ga ada masalh di jaringan karena lancar. Lalu sering dipaksa langsung keluar atau dengan kata lain aplikasi error. Tidak bisa melihat email yg sudah terdaftar dengan kata lain informasi data kurang lengkap. Semoga jadi masukan kalo udh ada perubahan bakal update rating lagi",NEGATIF
App ok,POSITIF
Paraahhh servernya down mulu,NEGATIF
Server kudaliar jelek banget kualitasnya,NEGATIF
Sangat bagus,POSITIF
"Saya sudah menginstal aplikasi ini berkali-kali tapi tetap saja tidak bisa dibuka, sungguh sangat bikin saya kecewa",NEGATIF
"Ni app bagus, tapi kadang-kadang servernya down, gak respon, dan lama bukanya",NEGATIF
Good apk,POSITIF
The best,POSITIF
Ga bs di buka app,NEGATIF
Top aplikasinya,POSITIF
Membantu sekali untuk mendapatkan pengalaman belajar uiux desain. Penjelasannya pun mudah dipahami. Sukses terus buat Binar Academy,POSITIF
Bagus,POSITIF
"Bagi saya terlalu banyak kesalahan ejaan sehingga terasa mengganggu, tolong pelajari aturan penulisan bahasa Indonesia kemudian perbaiki lagi penulisannya.",NEGATIF
Mantap,POSITIF
terkadang server suka down jadi rada terhambat proses belajarnya,NEGATIF
Aplikasi Yg sangat bermanfaat,POSITIF
"Keren, penjelasan materinya singkat pdat dan jelas sehingga mudah dipahami",POSITIF
payah,NEGATIF
Sangat berkualitass Dan baguss,POSITIF
Sudah bagus ,POSITIF
Bagus Banget aplikasinya... saya sukaa!!,POSITIF
Aplikasi pembelajaran yang asik,POSITIF
"Aplikasi nya keren kak,moga bisa terus berkembang yaa",POSITIF
Binar Academy Aplikasi nya bagus dan Banyak Course nya yang gratis saya paling suka Course tentang UX Design,POSITIF
"diluar ekspektasi, aplikasinya bagus banget",POSITIF
gak ngerti lagi sih selama ini bakyak app gratis buat ningkatin skil yg gw coba tapi bru kali ini gw nemu yg pas buruan download penjelasan mudah di mengerti di tambah Q&A pokoknya buruan instal dan buktiin sendiri,POSITIF
Suka trimaksshhh,POSITIF
"Mahal bet anjir 5 jt :( Sementara perbulan di kasib duit cuma 100 rb :""(",NEGATIF
Mantap,POSITIF
Bagus banget,POSITIF
"Fix""Gak bisa login name dan daftar email tidak bisa, apk tidak berguna-_-",NEGATIF
Kok nggak bisa daftar yah? Sudah isi nama kok nggak jadi2,NEGATIF
Kok mau melanjutkan belajar ga bisa di klik ya,NEGATIF
Loh ini gimana. Ga bisa di buka. Mentok cmn ke nama,NEGATIF
Gk bisa Masuk,NEGATIF
"Stuck di bagian isi nama anda, tolong periksa aplikasinya",NEGATIF
Gimana ini ditanya nama udah diisi gak bisa lanjut,NEGATIF
"Kenapa ngak bisa masuk... Percuma download, suruh nulis nama panggilan, gue tulis lama banget ngak bisa2 Jelek",NEGATIF
"Baru download, pas mau masukin nickname susah, engga bisa login, selalu FC mulu Tolong diperbaiki ya kak (kalo sudah normal bintangnya aku ganti)",NEGATIF
Gagal register.,NEGATIF
gk bisa lanjut aplikasinya,NEGATIF
Koq saya mau daftar gabisa ya.. Pas saya masukin nama saya.. Gabisa diklik selanjutnyaa.. Tolong dong,NEGATIF
Ga jelas anjim tulis nama kagak bisa lanjut lagi kacau,NEGATIF
"Kak, maaf, apk nya tidak bisa lanjut saat mendaftar",NEGATIF
Apk suka ngelag,NEGATIF
Good,POSITIF
Apk ga jelas login aja susah,NEGATIF
Kenapa saya tidak bisa mendaftar?,NEGATIF
Kok ga bisa lanjut? Baru buka trus nanya nama udh diisi tpi ga bisa loding lagi. Gimana nih? sinyal 4G full,NEGATIF
Kok ga bisa daftar sih?,NEGATIF
aplikasinya sekarang lagi error ya?,NEGATIF
Nge stuck di memasukan nama,NEGATIF
Apk tidak berfungsi jeleeekk,NEGATIF
"Aplikasi nggak jelas, abisin quota aja, Gak bisa daftar, baru tulis nama tekan selanjutnya malah kedip-kedip ndak jelas",NEGATIF
"Apps tidak berjalan dari ""siapa nama anda"" -realme narzo",NEGATIF
Baguusss,POSITIF
Bagus,POSITIF
"Nice, Bagus bet buat belajar dan Nambah Wawasan Mudah di pahami lagi pokonya best lah",POSITIF
Developer nya nggak ada obat,POSITIF
Sangat membantu dan luar biasa,POSITIF
"damn, di luar ekspetasi. KERENNYA KEBANGETAN, enak banget belajar pake ini. smooth, cepet, penjelasan non-formal, gampang dimengerti, sangat-sangat friendly buat orang yang baru mau belajar pemrograman. sukses binar academy!",POSITIF
Sangat jelek sekali. Banyak ke materi nya untuk ke praktik kodingan gak ada sama sekali... bahkan untuk memilih ke teori berikutnya tidak.bisa. harus mulai dari materi awal berurutan,NEGATIF
Super App. Thanks.,POSITIF
"Google, Better, BEST",POSITIF
"Luar biasa cara penyampaianya mudah di mengerti. Terimakasih, good job.",POSITIF
"Kok tidK bisa daftar premium, malah keluar terus.",NEGATIF
Lumayan membantu belajar,POSITIF
Penjelasannya mudah dimengerti karena menggunakan bahasa gaul.,POSITIF
Very good,POSITIF
"Terimakasih binar academy, kali ini saya akan belajar programming bersama teman sya, karena suka sekali dengan dunia IT",POSITIF
"Ini sangat bagus sekali karena pembelajarannya sangat mudah di pahami,",POSITIF
Mantap,POSITIF
Good ðŸ‘,POSITIF
Aku suka,POSITIF
Mantab Kak,POSITIF
aplikasinya luar biasa keren dan simple,POSITIF
Karna aplikasi ini saya makin mudah memahami membelajaran,POSITIF
Terimakasih karna aplikasi ini saya makin mudah belajar,POSITIF
Saya banyak terimakasi. Karna dengan aplikasi ini saya bisa belajar apa yang saya impikan meskipun secara online. Terimakasih ,POSITIF
Aplikasi ini sangat membantu kita yang mau belajar,POSITIF
Lumayan sedikit membantu belajar,POSITIF
"Pertahankan dan kembangkan, terimakasih telah menciptakan aplikasi mengedukasi seperti ini.",POSITIF
Sangat membantu saya Dan pembinaan pembelajaran ya tidak rumit,POSITIF
"Sangat mudah, dan di pahami, aplikasinya bagus",POSITIF
Gilaaa. Gw download aplikasi ini serasa lagi ikut kelas onlineðŸ‘ðŸ‘ðŸ‘ðŸ‘,POSITIF
"Penjelasan singkat sangat membantu&mudah di pahami,mksh buat semua materi by.ðŸ™",POSITIF
Mantaaapp sukses,POSITIF
"Saya ingin bekerja sama dengan anda di waktu yang akan datang, untuk mengembang perusahaan antariksa swasta pertama di indonesia.",POSITIF
Sangat membantu buat saya yg baru membuka usaha terima kasih semoga kedepan ny bisa saya praktekkan langsung.,POSITIF
"Pelajaran ny ckup memuaskan&semoga setelah mengikuti pelatihan ini saya bs menjalankan bisnis kuliner yg sederhana di rumah,terimakasih buat semua penjelasan ny kk..",POSITIF
Bagus dan cukup membantu bagi orang orang yang akan memulai bisnis kuliner dan yang sudah berjalan kulinernya.,POSITIF
Tidak bisa di ungkapkan dengan kata-kata bagus aplikasinya,POSITIF
"Mantap euy, kalimat singkat padat jelas dengan media interaktif yang bagus, perfect lah. Lebih perfect lagi kalo gratis eheeee.",POSITIF
Bagus banget kak!,POSITIF
Bagus,POSITIF
Mantap,POSITIF
Good app,POSITIF
Berbayar cukup mahal coba kasih gratis dulu 1 bulan,NEGATIF
App belajar tentang teknologi,POSITIF
Sangat membantu untuk mengenal Coding.,POSITIF
makasih berkat binar academy gua bisa beli rumah,POSITIF
"Sangat bermanfaat untuk orang awam yang ingin belajar basic IT, tapi gak punya basic IT sama sekali. Bahasa pengandaiannya sangat mudah dimengerti. Recomended untuk mengisi waktu gabut sambil menambah ilmu",POSITIF
Ah mantap,POSITIF
Terus berkembang Binar Academy,POSITIF
Mantap laah Binar nhi pokoknya Top. Hebat Miss Ala.. buat yg banyak mau,POSITIF
Bagus banget nihh,POSITIF
Aplikasi bagus ..teruskan penyempurnaannya,POSITIF
"Baru sadar kalo diatas itu ada tanda simpan wkwkwk, jadi harus nyari halaman yang menurut aku penting, onboarding pas first baca artikel ka please wkwk jadi nyari lagi kan wkwkwk Trims ka.... Tapi untuk yang lainnya mantaps sekali fiturnya dari segi ui dan ux nya, storytellingnya dapet banget wkwk sama yang terasa banget kaya user itu ga boleh patah semangat pas ada kuis wkwk jadi mau nambah lagi gitu! Good deh timnya ini wkwkwk",POSITIF
Mantaff bermanfaat,POSITIF
Bagus,POSITIF
Keren,POSITIF
cukup bagus,POSITIF
Bagus apk ini buat memperdalam dalam bidang IT,POSITIF
Perfect,POSITIF
Bagus banget.... Pgen ngikutin corse nyah tpi nabung dlu...,POSITIF
Sangat baik,POSITIF
akhirnya ada aplikasinya juga dari binar academy,POSITIF
Tampilannya menarik banget dan banyak pilihan ecoursenya! Good Job,POSITIF
"Yuhuu.. course nya kerenâ¤ï¸. Apalagi udah update app nya, jadi lebih banyak fitur yg keceh!. Materinya mudah dipahami, sudah aku rekomendasikan ke temen-temen juga nih.",POSITIF
"Aku sebagai pengguna baru, dan pemula di bidang ui/ux sangat membantu dengan aplikasi binar academy",POSITIF
Mamtqp,POSITIF
Berbayar mahal menurut saya 5 jutaan,NEGATIF
Dari segi gambar ada yang kurang pas. Semoga bisa cepet diperbaiki,NEGATIF
Upgrade terbaru semakin keren. Bisa baca lebih dari satu course,POSITIF
"Sangat baik.,materi juga menarik",POSITIF
Sangat bagus,POSITIF
"Sangat membantu, terimakasih",POSITIF
Bagus,POSITIF
Nambah pengetahuan,POSITIF
Sangat puas,POSITIF
Mantap,POSITIF
Sangat membantu,POSITIF
Sangat puas ...terima kasih,POSITIF
Baik,POSITIF
sangat memuaskan,POSITIF
Baik,POSITIF
sangat bermanfaat,POSITIF
mantap,POSITIF
Keren bngt,POSITIF
keren,POSITIF
Sangat menbantu,POSITIF
Aikasi ini sangat bagus bnget dan membantu dan sangat di rekomendasikan untuk yang sedang mengerjakan bitlabs,POSITIF
Aplikasi ini sangat membantu dan sngat di di rekomendasikan untuk kalian yang sedang mengerjakan prakerja,POSITIF
materinya bagus,POSITIF
good,POSITIF
Sangat berguna,POSITIF
Sangat bagus,POSITIF
sangat baik dan bermanfaat,POSITIF
Aplikasi yang sangat membantu,POSITIF
sangat baik,POSITIF
Sangat puas,POSITIF
Msih bingung cara nya gmna pake aplikasinya,NEGATIF
"tidak bisa login, karena ada masalah server, tolong diperbaiki...",NEGATIF
"Tampilan menarik. Bahasa dalam aplikasi pun ramah dan bersahabat, jadi bikin aku enak untuk belajar. Walaupun aku baru belajar masih di level awal [Introduction(SDLC)], selama aku belajar aku menikmatinya karena informasi yang disampaikan jelas, alurnya oke dan memotivasi. Selama aku belajar, saat ini pertanyaan ku cuma satu, apakah materi yang sudah kita pelajari tidak bisa kita ulang? -Contoh",POSITIF
Kok gk bisa daftar ya,NEGATIF
tidak ada tempat lupa kata sandi yang lupa,NEGATIF
Materi yang sangat bagus menambah wawasan tentang pembuatan aplikasi serta peran peran orang dibalik sebuah aplikasi.,POSITIF
Asli aplikasinya nyenengin,POSITIF
Uh keren bangetttt,POSITIF
Aplikasinya cukup bagus dan mengudekasi dengan bahasa yg mudah dimengerti,POSITIF
Semoga bisa membantu saya mencapai cita cita,POSITIF
bagusss banget Binar!!,POSITIF
Kerennnnnn kayak akuuu,POSITIF
gak bisa mengulang materi error,NEGATIF
